<?xml version="1.0" encoding="UTF-8"?>
<beans xmlns="http://www.springframework.org/schema/beans"
	xmlns:xsi="http://www.w3.org/2001/XMLSchema-instance"
	xmlns:context="http://www.springframework.org/schema/context"
	xmlns:util="http://www.springframework.org/schema/util"
	xsi:schemaLocation="http://www.springframework.org/schema/beans
	http://www.springframework.org/schema/beans/spring-beans-4.2.xsd
	http://www.springframework.org/schema/context
	http://www.springframework.org/schema/context/spring-context.xsd
	http://www.springframework.org/schema/util
	http://www.springframework.org/schema/util/spring-util.xsd">
	
	<bean id="country1" class="SpringIOC.Country">
	<property name="cid" value="C001"></property>
	<property name="cname" value="India"></property>
	</bean>
	<bean id="country2" class="SpringIOC.Country">
	<property name="cid" value="C002"></property>
	<property name="cname" value="Pakistan"></property>
	</bean>
	
	<bean id="player1" class="SpringIOC.Player">
	<property name="pid" value="P001"></property>
	<property name="pname" value="Sachin"></property>
	<property name="country" ref="country1"></property>
	</bean>
	<bean id="player2" class="SpringIOC.Player">
	<property name="pid" value="P002"></property>
	<property name="pname" value="Ram"></property>
	<property name="country" ref="country1"></property>
	</bean>
	<bean id="player3" class="SpringIOC.Player">
	<property name="pid" value="P003"></property>
	<property name="pname" value="Abhinav"></property>
	<property name="country" ref="country1"></property>
	</bean>
	<bean id="player4" class="SpringIOC.Player">
	<property name="pid" value="P004"></property>
	<property name="pname" value="Abdul"></property>
	<property name="country" ref="country2"></property>
	</bean>
	<bean id="player5" class="SpringIOC.Player">
	<property name="pid" value="P005"></property>
	<property name="pname" value="Zaheer Khan"></property>
	<property name="country" ref="country2"></property>
	</bean>
	
	
	
	
	
	</beans>